view,model,subject,folds,parameters,accuracy,accuracy_percent
frontal_only,stanet,clt,5,304,0.6745798319327732,67.45798319327731
frontal_only,stanet,fl,5,304,0.6884453781512605,68.84453781512605
frontal_only,stanet,kjw,5,304,0.5651260504201681,56.51260504201681
frontal_only,stanet,ly,5,304,0.6060924369747899,60.60924369747899
frontal_only,stanet,lyd,5,304,0.5052521008403361,50.52521008403361
frontal_only,stanet,mym,5,304,0.7586134453781512,75.86134453781513
frontal_only,stanet,qjj,5,304,0.5512605042016807,55.12605042016807
frontal_only,stanet,qyf,5,304,0.6065126050420168,60.65126050420167
frontal_only,stanet,xh,5,304,0.551890756302521,55.189075630252105
frontal_only,stanet,ypy,5,304,0.7176470588235294,71.76470588235294
frontal_only,stanet,yyj,5,304,0.8792016806722689,87.92016806722688
frontal_only,stanet,zhf,5,304,0.8989495798319329,89.8949579831933
frontal_only,stanet,zhl,5,304,0.8567226890756302,85.67226890756302
frontal_only,stanet,zn,5,304,0.555672268907563,55.5672268907563
frontal_only,stanet,zy,5,304,0.7588235294117647,75.88235294117646
frontal_only,xanet,clt,5,93138,0.8642857142857144,86.42857142857144
frontal_only,xanet,fl,5,93138,0.8903361344537816,89.03361344537815
frontal_only,xanet,kjw,5,93138,0.8052521008403362,80.52521008403362
frontal_only,xanet,ly,5,93138,0.6663865546218488,66.63865546218489
frontal_only,xanet,lyd,5,93138,0.6277310924369748,62.773109243697476
frontal_only,xanet,mym,5,93138,0.9907563025210084,99.07563025210084
frontal_only,xanet,qjj,5,93138,0.530672268907563,53.0672268907563
frontal_only,xanet,qyf,5,93138,0.8722689075630253,87.22689075630254
frontal_only,xanet,xh,5,93138,0.6115546218487394,61.15546218487394
frontal_only,xanet,ypy,5,93138,0.9922268907563027,99.22268907563027
frontal_only,xanet,yyj,5,93138,0.997689075630252,99.7689075630252
frontal_only,xanet,zhf,5,93138,0.9882352941176471,98.82352941176471
frontal_only,xanet,zhl,5,93138,0.9756302521008402,97.56302521008402
frontal_only,xanet,zn,5,93138,0.8850840336134453,88.50840336134453
frontal_only,xanet,zy,5,93138,0.9130252100840336,91.30252100840336
frontal_only,darnet,clt,5,12330,0.9445378151260504,94.45378151260503
frontal_only,darnet,fl,5,12330,0.922689075630252,92.26890756302521
frontal_only,darnet,kjw,5,12330,0.855252100840336,85.5252100840336
frontal_only,darnet,ly,5,12330,0.7661764705882353,76.61764705882354
frontal_only,darnet,lyd,5,12330,0.657563025210084,65.75630252100841
frontal_only,darnet,mym,5,12330,0.9928571428571429,99.28571428571429
frontal_only,darnet,qjj,5,12330,0.6813025210084034,68.13025210084034
frontal_only,darnet,qyf,5,12330,0.9115546218487396,91.15546218487395
frontal_only,darnet,xh,5,12330,0.669327731092437,66.9327731092437
frontal_only,darnet,ypy,5,12330,0.997689075630252,99.7689075630252
frontal_only,darnet,yyj,5,12330,0.9997899159663867,99.97899159663866
frontal_only,darnet,zhf,5,12330,0.9974789915966387,99.74789915966386
frontal_only,darnet,zhl,5,12330,0.9693277310924369,96.93277310924368
frontal_only,darnet,zn,5,12330,0.8983193277310925,89.83193277310924
frontal_only,darnet,zy,5,12330,0.9273109243697479,92.73109243697479
frontal_only,dbpnet,clt,5,865202,0.9172268907563025,91.72268907563024
frontal_only,dbpnet,fl,5,865202,0.9346638655462185,93.46638655462185
frontal_only,dbpnet,kjw,5,865202,0.8207983193277311,82.0798319327731
frontal_only,dbpnet,ly,5,865202,0.7334033613445378,73.34033613445378
frontal_only,dbpnet,lyd,5,865202,0.6880252100840336,68.80252100840336
frontal_only,dbpnet,mym,5,865202,0.997689075630252,99.7689075630252
frontal_only,dbpnet,qjj,5,865202,0.5960084033613445,59.60084033613445
frontal_only,dbpnet,qyf,5,865202,0.8894957983193278,88.94957983193278
frontal_only,dbpnet,xh,5,865202,0.6302521008403362,63.025210084033624
frontal_only,dbpnet,ypy,5,865202,0.9964285714285716,99.64285714285715
frontal_only,dbpnet,yyj,5,865202,0.9993697478991596,99.93697478991595
frontal_only,dbpnet,zhf,5,865202,0.9945378151260504,99.45378151260505
frontal_only,dbpnet,zhl,5,865202,0.9840336134453782,98.40336134453781
frontal_only,dbpnet,zn,5,865202,0.8983193277310925,89.83193277310924
frontal_only,dbpnet,zy,5,865202,0.9579831932773109,95.79831932773108
frontal_only,listennet,clt,5,2334,0.9447478991596638,94.47478991596638
frontal_only,listennet,fl,5,2334,0.9277310924369748,92.77310924369748
frontal_only,listennet,kjw,5,2334,0.8607142857142858,86.07142857142858
frontal_only,listennet,ly,5,2334,0.7054621848739495,70.54621848739495
frontal_only,listennet,lyd,5,2334,0.6399159663865547,63.991596638655466
frontal_only,listennet,mym,5,2334,0.9951680672268907,99.51680672268907
frontal_only,listennet,qjj,5,2334,0.5745798319327731,57.45798319327731
frontal_only,listennet,qyf,5,2334,0.9021008403361345,90.21008403361344
frontal_only,listennet,xh,5,2334,0.6626050420168068,66.26050420168067
frontal_only,listennet,ypy,5,2334,0.9987394957983193,99.87394957983193
frontal_only,listennet,yyj,5,2334,0.9997899159663867,99.97899159663866
frontal_only,listennet,zhf,5,2334,0.9766806722689075,97.66806722689076
frontal_only,listennet,zhl,5,2334,0.9703781512605042,97.03781512605042
frontal_only,listennet,zn,5,2334,0.9254201680672269,92.5420168067227
frontal_only,listennet,zy,5,2334,0.9504201680672268,95.04201680672269
frontal_only,mhanet,clt,5,1644,0.8460084033613444,84.60084033613444
frontal_only,mhanet,fl,5,1644,0.8294117647058823,82.94117647058823
frontal_only,mhanet,kjw,5,1644,0.6878151260504202,68.78151260504201
frontal_only,mhanet,ly,5,1644,0.6359243697478991,63.59243697478991
frontal_only,mhanet,lyd,5,1644,0.5697478991596638,56.97478991596638
frontal_only,mhanet,mym,5,1644,0.9407563025210084,94.07563025210084
frontal_only,mhanet,qjj,5,1644,0.5644957983193277,56.44957983193277
frontal_only,mhanet,qyf,5,1644,0.7918067226890757,79.18067226890757
frontal_only,mhanet,xh,5,1644,0.5682773109243697,56.82773109243697
frontal_only,mhanet,ypy,5,1644,0.990126050420168,99.0126050420168
frontal_only,mhanet,yyj,5,1644,0.9966386554621849,99.66386554621849
frontal_only,mhanet,zhf,5,1644,0.9588235294117646,95.88235294117646
frontal_only,mhanet,zhl,5,1644,0.9283613445378152,92.83613445378151
frontal_only,mhanet,zn,5,1644,0.7422268907563025,74.22268907563026
frontal_only,mhanet,zy,5,1644,0.9025210084033614,90.25210084033614
frontal_only,hcan,clt,5,11808,0.9420168067226891,94.2016806722689
frontal_only,hcan,fl,5,11808,0.9361344537815126,93.61344537815125
frontal_only,hcan,kjw,5,11808,0.8382352941176471,83.82352941176471
frontal_only,hcan,ly,5,11808,0.7573529411764706,75.73529411764706
frontal_only,hcan,lyd,5,11808,0.6743697478991597,67.43697478991596
frontal_only,hcan,mym,5,11808,0.9918067226890755,99.18067226890756
frontal_only,hcan,qjj,5,11808,0.6138655462184873,61.38655462184873
frontal_only,hcan,qyf,5,11808,0.9191176470588236,91.91176470588236
frontal_only,hcan,xh,5,11808,0.6819327731092437,68.19327731092437
frontal_only,hcan,ypy,5,11808,0.9978991596638656,99.78991596638656
frontal_only,hcan,yyj,5,11808,0.9985294117647058,99.85294117647058
frontal_only,hcan,zhf,5,11808,0.9913865546218487,99.13865546218487
frontal_only,hcan,zhl,5,11808,0.9714285714285713,97.14285714285712
frontal_only,hcan,zn,5,11808,0.9054621848739496,90.54621848739495
frontal_only,hcan,zy,5,11808,0.9165966386554623,91.65966386554622
ear_only,stanet,clt,5,1005,0.5067226890756302,50.67226890756302
ear_only,stanet,fl,5,1005,0.7233193277310924,72.33193277310924
ear_only,stanet,kjw,5,1005,0.48949579831932777,48.94957983193278
ear_only,stanet,ly,5,1005,0.5109243697478991,51.09243697478991
ear_only,stanet,lyd,5,1005,0.5804621848739495,58.04621848739495
ear_only,stanet,mym,5,1005,0.525,52.5
ear_only,stanet,qjj,5,1005,0.4873949579831933,48.73949579831933
ear_only,stanet,qyf,5,1005,0.5321428571428571,53.214285714285715
ear_only,stanet,xh,5,1005,0.48004201680672265,48.00420168067227
ear_only,stanet,ypy,5,1005,0.5237394957983194,52.37394957983194
ear_only,stanet,yyj,5,1005,0.5642857142857143,56.42857142857143
ear_only,stanet,zhf,5,1005,0.7844537815126051,78.44537815126051
ear_only,stanet,zhl,5,1005,0.751890756302521,75.1890756302521
ear_only,stanet,zn,5,1005,0.5199579831932774,51.99579831932773
ear_only,stanet,zy,5,1005,0.5953781512605042,59.53781512605042
ear_only,xanet,clt,5,93906,0.9102941176470589,91.0294117647059
ear_only,xanet,fl,5,93906,0.9705882352941175,97.05882352941175
ear_only,xanet,kjw,5,93906,0.8451680672268906,84.51680672268907
ear_only,xanet,ly,5,93906,0.5653361344537815,56.53361344537815
ear_only,xanet,lyd,5,93906,0.6817226890756303,68.17226890756302
ear_only,xanet,mym,5,93906,0.8888655462184876,88.88655462184876
ear_only,xanet,qjj,5,93906,0.5178571428571429,51.78571428571429
ear_only,xanet,qyf,5,93906,0.7842436974789916,78.42436974789916
ear_only,xanet,xh,5,93906,0.6714285714285715,67.14285714285715
ear_only,xanet,ypy,5,93906,0.6430672268907562,64.30672268907563
ear_only,xanet,yyj,5,93906,0.9201680672268907,92.01680672268907
ear_only,xanet,zhf,5,93906,0.9699579831932773,96.99579831932773
ear_only,xanet,zhl,5,93906,0.959873949579832,95.9873949579832
ear_only,xanet,zn,5,93906,0.8487394957983193,84.87394957983193
ear_only,xanet,zy,5,93906,0.7722689075630254,77.22689075630254
ear_only,darnet,clt,5,24618,0.9644957983193277,96.44957983193278
ear_only,darnet,fl,5,24618,0.9857142857142858,98.57142857142858
ear_only,darnet,kjw,5,24618,0.9271008403361345,92.71008403361346
ear_only,darnet,ly,5,24618,0.8380252100840335,83.80252100840335
ear_only,darnet,lyd,5,24618,0.696218487394958,69.62184873949579
ear_only,darnet,mym,5,24618,0.9668067226890755,96.68067226890756
ear_only,darnet,qjj,5,24618,0.646218487394958,64.6218487394958
ear_only,darnet,qyf,5,24618,0.8464285714285713,84.64285714285712
ear_only,darnet,xh,5,24618,0.6665966386554623,66.65966386554622
ear_only,darnet,ypy,5,24618,0.9554621848739495,95.54621848739495
ear_only,darnet,yyj,5,24618,0.9920168067226891,99.2016806722689
ear_only,darnet,zhf,5,24618,0.9794117647058824,97.94117647058825
ear_only,darnet,zhl,5,24618,0.9949579831932773,99.49579831932773
ear_only,darnet,zn,5,24618,0.9050420168067227,90.50420168067227
ear_only,darnet,zy,5,24618,0.8071428571428572,80.71428571428572
ear_only,dbpnet,clt,5,872738,0.9640756302521007,96.40756302521008
ear_only,dbpnet,fl,5,872738,0.9827731092436975,98.27731092436976
ear_only,dbpnet,kjw,5,872738,0.858403361344538,85.84033613445379
ear_only,dbpnet,ly,5,872738,0.8073529411764705,80.73529411764704
ear_only,dbpnet,lyd,5,872738,0.6588235294117648,65.88235294117648
ear_only,dbpnet,mym,5,872738,0.9756302521008404,97.56302521008405
ear_only,dbpnet,qjj,5,872738,0.6455882352941176,64.55882352941175
ear_only,dbpnet,qyf,5,872738,0.8699579831932773,86.99579831932773
ear_only,dbpnet,xh,5,872738,0.7025210084033613,70.25210084033613
ear_only,dbpnet,ypy,5,872738,0.9590336134453782,95.90336134453781
ear_only,dbpnet,yyj,5,872738,0.9922268907563027,99.22268907563027
ear_only,dbpnet,zhf,5,872738,0.9808823529411764,98.08823529411764
ear_only,dbpnet,zhl,5,872738,0.977310924369748,97.73109243697479
ear_only,dbpnet,zn,5,872738,0.8474789915966386,84.74789915966386
ear_only,dbpnet,zy,5,872738,0.829621848739496,82.9621848739496
ear_only,listennet,clt,5,3054,0.9815126050420169,98.15126050420169
ear_only,listennet,fl,5,3054,0.9817226890756302,98.17226890756302
ear_only,listennet,kjw,5,3054,0.8691176470588236,86.91176470588235
ear_only,listennet,ly,5,3054,0.7846638655462185,78.46638655462185
ear_only,listennet,lyd,5,3054,0.6571428571428573,65.71428571428572
ear_only,listennet,mym,5,3054,0.9617647058823529,96.17647058823529
ear_only,listennet,qjj,5,3054,0.5993697478991596,59.936974789915965
ear_only,listennet,qyf,5,3054,0.871218487394958,87.1218487394958
ear_only,listennet,xh,5,3054,0.673109243697479,67.31092436974791
ear_only,listennet,ypy,5,3054,0.9649159663865546,96.49159663865547
ear_only,listennet,yyj,5,3054,0.9972689075630253,99.72689075630254
ear_only,listennet,zhf,5,3054,0.9739495798319329,97.39495798319328
ear_only,listennet,zhl,5,3054,0.9888655462184875,98.88655462184876
ear_only,listennet,zn,5,3054,0.9050420168067227,90.50420168067227
ear_only,listennet,zy,5,3054,0.8092436974789916,80.92436974789916
ear_only,mhanet,clt,5,3650,0.9768907563025209,97.68907563025209
ear_only,mhanet,fl,5,3650,0.9722689075630253,97.22689075630254
ear_only,mhanet,kjw,5,3650,0.8991596638655462,89.91596638655463
ear_only,mhanet,ly,5,3650,0.8371848739495797,83.71848739495798
ear_only,mhanet,lyd,5,3650,0.7065126050420167,70.65126050420167
ear_only,mhanet,mym,5,3650,0.9844537815126051,98.44537815126051
ear_only,mhanet,qjj,5,3650,0.6142857142857142,61.42857142857142
ear_only,mhanet,qyf,5,3650,0.8737394957983193,87.37394957983193
ear_only,mhanet,xh,5,3650,0.6918067226890756,69.18067226890756
ear_only,mhanet,ypy,5,3650,0.9588235294117646,95.88235294117646
ear_only,mhanet,yyj,5,3650,0.9966386554621849,99.66386554621849
ear_only,mhanet,zhf,5,3650,0.9892857142857142,98.92857142857142
ear_only,mhanet,zhl,5,3650,0.9834033613445378,98.34033613445378
ear_only,mhanet,zn,5,3650,0.89390756302521,89.390756302521
ear_only,mhanet,zy,5,3650,0.8170168067226891,81.7016806722689
ear_only,hcan,clt,5,14880,0.9722689075630251,97.22689075630251
ear_only,hcan,fl,5,14880,0.9771008403361344,97.71008403361344
ear_only,hcan,kjw,5,14880,0.8913865546218487,89.13865546218487
ear_only,hcan,ly,5,14880,0.8344537815126051,83.44537815126051
ear_only,hcan,lyd,5,14880,0.6663865546218488,66.63865546218489
ear_only,hcan,mym,5,14880,0.9649159663865546,96.49159663865547
ear_only,hcan,qjj,5,14880,0.6092436974789915,60.924369747899156
ear_only,hcan,qyf,5,14880,0.8779411764705882,87.79411764705883
ear_only,hcan,xh,5,14880,0.6569327731092437,65.69327731092437
ear_only,hcan,ypy,5,14880,0.9447478991596638,94.47478991596638
ear_only,hcan,yyj,5,14880,0.9970588235294118,99.70588235294117
ear_only,hcan,zhf,5,14880,0.9794117647058824,97.94117647058825
ear_only,hcan,zhl,5,14880,0.9880252100840335,98.80252100840336
ear_only,hcan,zn,5,14880,0.863655462184874,86.3655462184874
ear_only,hcan,zy,5,14880,0.8178571428571428,81.78571428571428
frontal_ear,stanet,clt,5,1735,0.6880252100840336,68.80252100840336
frontal_ear,stanet,fl,5,1735,0.7852941176470589,78.5294117647059
frontal_ear,stanet,kjw,5,1735,0.5220588235294118,52.20588235294118
frontal_ear,stanet,ly,5,1735,0.6258403361344538,62.58403361344538
frontal_ear,stanet,lyd,5,1735,0.6138655462184874,61.386554621848745
frontal_ear,stanet,mym,5,1735,0.7920168067226891,79.20168067226892
frontal_ear,stanet,qjj,5,1735,0.5560924369747899,55.609243697478995
frontal_ear,stanet,qyf,5,1735,0.6273109243697479,62.73109243697479
frontal_ear,stanet,xh,5,1735,0.5567226890756303,55.67226890756303
frontal_ear,stanet,ypy,5,1735,0.7428571428571429,74.28571428571429
frontal_ear,stanet,yyj,5,1735,0.9296218487394958,92.96218487394958
frontal_ear,stanet,zhf,5,1735,0.9529411764705882,95.29411764705881
frontal_ear,stanet,zhl,5,1735,0.8941176470588236,89.41176470588236
frontal_ear,stanet,zn,5,1735,0.5455882352941177,54.55882352941177
frontal_ear,stanet,zy,5,1735,0.7747899159663866,77.47899159663866
frontal_ear,xanet,clt,5,94418,0.9100840336134454,91.00840336134453
frontal_ear,xanet,fl,5,94418,0.9630252100840335,96.30252100840335
frontal_ear,xanet,kjw,5,94418,0.8357142857142857,83.57142857142857
frontal_ear,xanet,ly,5,94418,0.6388655462184875,63.886554621848745
frontal_ear,xanet,lyd,5,94418,0.6567226890756303,65.67226890756302
frontal_ear,xanet,mym,5,94418,0.9876050420168067,98.76050420168066
frontal_ear,xanet,qjj,5,94418,0.5214285714285715,52.142857142857146
frontal_ear,xanet,qyf,5,94418,0.8636554621848738,86.36554621848738
frontal_ear,xanet,xh,5,94418,0.6802521008403362,68.02521008403362
frontal_ear,xanet,ypy,5,94418,0.9665966386554621,96.65966386554621
frontal_ear,xanet,yyj,5,94418,0.997689075630252,99.7689075630252
frontal_ear,xanet,zhf,5,94418,0.980252100840336,98.0252100840336
frontal_ear,xanet,zhl,5,94418,0.9800420168067226,98.00420168067227
frontal_ear,xanet,zn,5,94418,0.8779411764705882,87.79411764705883
frontal_ear,xanet,zy,5,94418,0.9088235294117647,90.88235294117646
frontal_ear,darnet,clt,5,32810,0.9735294117647058,97.35294117647058
frontal_ear,darnet,fl,5,32810,0.9842436974789915,98.42436974789915
frontal_ear,darnet,kjw,5,32810,0.9189075630252102,91.89075630252101
frontal_ear,darnet,ly,5,32810,0.8653361344537815,86.53361344537815
frontal_ear,darnet,lyd,5,32810,0.6989495798319327,69.89495798319328
frontal_ear,darnet,mym,5,32810,0.9880252100840335,98.80252100840336
frontal_ear,darnet,qjj,5,32810,0.6472689075630251,64.72689075630251
frontal_ear,darnet,qyf,5,32810,0.9094537815126051,90.94537815126051
frontal_ear,darnet,xh,5,32810,0.6947478991596638,69.47478991596638
frontal_ear,darnet,ypy,5,32810,0.984873949579832,98.4873949579832
frontal_ear,darnet,yyj,5,32810,0.9987394957983193,99.87394957983193
frontal_ear,darnet,zhf,5,32810,0.9936974789915967,99.36974789915966
frontal_ear,darnet,zhl,5,32810,0.9974789915966387,99.74789915966386
frontal_ear,darnet,zn,5,32810,0.9247899159663866,92.47899159663866
frontal_ear,darnet,zy,5,32810,0.9163865546218487,91.63865546218487
frontal_ear,dbpnet,clt,5,878722,0.963655462184874,96.3655462184874
frontal_ear,dbpnet,fl,5,878722,0.984873949579832,98.4873949579832
frontal_ear,dbpnet,kjw,5,878722,0.8768907563025209,87.68907563025209
frontal_ear,dbpnet,ly,5,878722,0.8126050420168067,81.26050420168067
frontal_ear,dbpnet,lyd,5,878722,0.698529411764706,69.8529411764706
frontal_ear,dbpnet,mym,5,878722,0.996218487394958,99.6218487394958
frontal_ear,dbpnet,qjj,5,878722,0.6861344537815126,68.61344537815125
frontal_ear,dbpnet,qyf,5,878722,0.9281512605042017,92.81512605042018
frontal_ear,dbpnet,xh,5,878722,0.6670168067226891,66.70168067226892
frontal_ear,dbpnet,ypy,5,878722,0.9817226890756302,98.17226890756302
frontal_ear,dbpnet,yyj,5,878722,0.9978991596638656,99.78991596638656
frontal_ear,dbpnet,zhf,5,878722,0.996218487394958,99.6218487394958
frontal_ear,dbpnet,zhl,5,878722,0.9970588235294118,99.70588235294117
frontal_ear,dbpnet,zn,5,878722,0.909873949579832,90.9873949579832
frontal_ear,dbpnet,zy,5,878722,0.9554621848739495,95.54621848739495
frontal_ear,listennet,clt,5,3438,0.9836134453781513,98.36134453781513
frontal_ear,listennet,fl,5,3438,0.992436974789916,99.2436974789916
frontal_ear,listennet,kjw,5,3438,0.9323529411764706,93.23529411764706
frontal_ear,listennet,ly,5,3438,0.8025210084033614,80.25210084033614
frontal_ear,listennet,lyd,5,3438,0.6710084033613445,67.10084033613445
frontal_ear,listennet,mym,5,3438,0.9846638655462184,98.46638655462185
frontal_ear,listennet,qjj,5,3438,0.6228991596638656,62.28991596638656
frontal_ear,listennet,qyf,5,3438,0.9304621848739496,93.04621848739497
frontal_ear,listennet,xh,5,3438,0.711764705882353,71.17647058823529
frontal_ear,listennet,ypy,5,3438,0.9932773109243698,99.32773109243698
frontal_ear,listennet,yyj,5,3438,1.0,100.0
frontal_ear,listennet,zhf,5,3438,0.9724789915966386,97.24789915966386
frontal_ear,listennet,zhl,5,3438,0.9918067226890755,99.18067226890756
frontal_ear,listennet,zn,5,3438,0.9521008403361344,95.21008403361344
frontal_ear,listennet,zy,5,3438,0.9352941176470588,93.52941176470588
frontal_ear,mhanet,clt,5,5630,0.9756302521008404,97.56302521008405
frontal_ear,mhanet,fl,5,5630,0.9855042016806722,98.55042016806722
frontal_ear,mhanet,kjw,5,5630,0.9168067226890756,91.68067226890756
frontal_ear,mhanet,ly,5,5630,0.8527310924369746,85.27310924369746
frontal_ear,mhanet,lyd,5,5630,0.7071428571428571,70.71428571428571
frontal_ear,mhanet,mym,5,5630,0.9699579831932773,96.99579831932773
frontal_ear,mhanet,qjj,5,5630,0.642436974789916,64.2436974789916
frontal_ear,mhanet,qyf,5,5630,0.9184873949579831,91.84873949579831
frontal_ear,mhanet,xh,5,5630,0.7201680672268908,72.01680672268907
frontal_ear,mhanet,ypy,5,5630,0.9745798319327731,97.45798319327731
frontal_ear,mhanet,yyj,5,5630,0.9985294117647058,99.85294117647058
frontal_ear,mhanet,zhf,5,5630,0.997689075630252,99.7689075630252
frontal_ear,mhanet,zhl,5,5630,0.9941176470588236,99.41176470588235
frontal_ear,mhanet,zn,5,5630,0.9327731092436975,93.27731092436974
frontal_ear,mhanet,zy,5,5630,0.9239495798319327,92.39495798319327
frontal_ear,hcan,clt,5,16928,0.9607142857142857,96.07142857142857
frontal_ear,hcan,fl,5,16928,0.9897058823529411,98.97058823529412
frontal_ear,hcan,kjw,5,16928,0.8819327731092438,88.19327731092437
frontal_ear,hcan,ly,5,16928,0.8642857142857142,86.42857142857142
frontal_ear,hcan,lyd,5,16928,0.6842436974789916,68.42436974789916
frontal_ear,hcan,mym,5,16928,0.98109243697479,98.109243697479
frontal_ear,hcan,qjj,5,16928,0.6292016806722689,62.92016806722689
frontal_ear,hcan,qyf,5,16928,0.8947478991596638,89.47478991596638
frontal_ear,hcan,xh,5,16928,0.6720588235294118,67.20588235294119
frontal_ear,hcan,ypy,5,16928,0.9888655462184873,98.88655462184873
frontal_ear,hcan,yyj,5,16928,0.9966386554621849,99.66386554621849
frontal_ear,hcan,zhf,5,16928,0.9949579831932773,99.49579831932773
frontal_ear,hcan,zhl,5,16928,0.9918067226890755,99.18067226890756
frontal_ear,hcan,zn,5,16928,0.9010504201680674,90.10504201680673
frontal_ear,hcan,zy,5,16928,0.9218487394957983,92.18487394957982
